<?xml version="1.0" encoding="UTF-8" standalone="no"?>
<Canvas xmlns="http://www.jgrasp.org">
    <Language>Java</Language>
    <ShowTypes>false</ShowTypes>
    <Version>2</Version>
    <Grid>
        <Snap>true</Snap>
        <Show>false</Show>
    </Grid>
    <Frame>
        <Transparent>true</Transparent>
        <Bounds>
            <AutoSize>true</AutoSize>
            <X>40</X>
            <Y>540</Y>
            <W>938</W>
            <H>326</H>
        </Bounds>
        <Viewer>
            <Expression>elementos</Expression>
            <Indices>i#indiceFim</Indices>
            <ViewerClass>_X_A_PresentationView</ViewerClass>
        </Viewer>
    </Frame>
    <Frame>
        <Bounds>
            <AutoSize>false</AutoSize>
            <X>20</X>
            <Y>940</Y>
            <W>968</W>
            <H>178</H>
        </Bounds>
        <PanelSize>
            <Key>_X_ElementView0</Key>
            <Order>4</Order>
            <W>974</W>
            <H>225</H>
        </PanelSize>
        <Viewer>
            <Expression>estatistica</Expression>
            <ViewerClass>_X_ElementView</ViewerClass>
        </Viewer>
    </Frame>
    <Frame>
        <Transparent>true</Transparent>
        <Bounds>
            <AutoSize>false</AutoSize>
            <X>20</X>
            <Y>90</Y>
            <W>938</W>
            <H>378</H>
        </Bounds>
        <PanelSize>
            <Key>java__lang__Object_BarGraphView0</Key>
            <Order>4</Order>
            <W>944</W>
            <H>425</H>
        </PanelSize>
        <Viewer>
            <Expression>elementos</Expression>
            <ViewerClass>java__lang__Object_BarGraphView</ViewerClass>
        </Viewer>
    </Frame>
    <Size>
        <W>1020</W>
        <H>1500</H>
    </Size>
    <ESize>
        <W>1020</W>
        <H>1500</H>
    </ESize>
</Canvas>
