<?xml version="1.0" encoding="UTF-8" standalone="no"?>
<Canvas xmlns="http://www.jgrasp.org">
    <Language>Java</Language>
    <ShowTypes>false</ShowTypes>
    <Version>2</Version>
    <Grid>
        <Snap>true</Snap>
        <Show>false</Show>
    </Grid>
    <Frame>
        <Bounds>
            <AutoSize>true</AutoSize>
            <X>960</X>
            <Y>140</Y>
            <W>134</W>
            <H>74</H>
        </Bounds>
        <Viewer>
            <Expression>elemento</Expression>
            <ViewerClass>_X_PresentationToStringView</ViewerClass>
        </Viewer>
    </Frame>
    <Frame>
        <Transparent>true</Transparent>
        <Bounds>
            <AutoSize>true</AutoSize>
            <X>220</X>
            <Y>480</Y>
            <W>134</W>
            <H>75</H>
        </Bounds>
        <LabelLoc>
            <WO>false</WO>
        </LabelLoc>
        <Viewer>
            <Expression>cp</Expression>
            <ViewerClass>_X_ElementView</ViewerClass>
        </Viewer>
    </Frame>
    <Frame>
        <Transparent>true</Transparent>
        <Bounds>
            <AutoSize>true</AutoSize>
            <X>30</X>
            <Y>470</Y>
            <W>134</W>
            <H>75</H>
        </Bounds>
        <LabelLoc>
            <WO>false</WO>
        </LabelLoc>
        <Viewer>
            <Expression>resultado</Expression>
            <ViewerClass>_X_ElementView</ViewerClass>
        </Viewer>
    </Frame>
    <Frame>
        <Bounds>
            <AutoSize>false</AutoSize>
            <X>40</X>
            <Y>90</Y>
            <W>798</W>
            <H>365</H>
        </Bounds>
        <PanelSize>
            <Key>_X_A_PresentationView0</Key>
            <Order>4</Order>
            <W>804</W>
            <H>412</H>
        </PanelSize>
        <Viewer>
            <Expression>elementos</Expression>
            <Indices>esq#dir#meio</Indices>
            <ViewerClass>_X_A_PresentationView</ViewerClass>
        </Viewer>
    </Frame>
    <Size>
        <W>1178</W>
        <H>778</H>
    </Size>
    <ESize>
        <W>1178</W>
        <H>778</H>
    </ESize>
</Canvas>
