<?xml version="1.0" encoding="UTF-8" standalone="no"?>
<Canvas xmlns="http://www.jgrasp.org">
    <Language>Java</Language>
    <ShowTypes>false</ShowTypes>
    <Version>2</Version>
    <Grid>
        <Snap>true</Snap>
        <Show>false</Show>
    </Grid>
    <Frame>
        <Bounds>
            <AutoSize>true</AutoSize>
            <X>950</X>
            <Y>120</Y>
            <W>134</W>
            <H>74</H>
        </Bounds>
        <Viewer>
            <Expression>elemento</Expression>
            <ViewerClass>_X_PresentationToStringView</ViewerClass>
        </Viewer>
    </Frame>
    <Frame>
        <Bounds>
            <AutoSize>true</AutoSize>
            <X>40</X>
            <Y>90</Y>
            <W>842</W>
            <H>287</H>
        </Bounds>
        <Viewer>
            <Expression>elementos</Expression>
            <Indices>i</Indices>
            <ViewerClass>_X_A_PresentationView</ViewerClass>
        </Viewer>
    </Frame>
    <Frame>
        <Transparent>true</Transparent>
        <Bounds>
            <AutoSize>true</AutoSize>
            <X>940</X>
            <Y>270</Y>
            <W>134</W>
            <H>75</H>
        </Bounds>
        <LabelLoc>
            <WO>false</WO>
        </LabelLoc>
        <Viewer>
            <Expression>resultado</Expression>
            <ViewerClass>_X_ElementView</ViewerClass>
        </Viewer>
    </Frame>
    <Size>
        <W>1200</W>
        <H>605</H>
    </Size>
    <ESize>
        <W>1200</W>
        <H>605</H>
    </ESize>
</Canvas>
